create database BillNBoxDB;
show databases;
drop database billnboxdb;
use BillNBoxDB;
show tables;



CREATE TABLE Bill (
    BillID INT,
    EmpId INT,
    OwnerID INT,
    Time TIMESTAMP,
    CustomerName VARCHAR(255),
    Amount DECIMAL(10,2),
    InvoiceNo VARCHAR(10)
);

INSERT INTO Bill(BillID, EmpId, OwnerID, Time, CustomerName, Amount, InvoiceNo) VALUES
(1, NULL, 1001, '2024-09-23 15:32:56', 'test1', 5.00, NULL),
(2, 1001001, NULL, '2024-09-23 15:33:58', 'test2', 60.00, NULL),
(12, NULL, 1001, '2024-09-24 16:13:20', 'abc', 600.00, NULL),
(13, NULL, 1001, '2024-09-24 16:16:10', 'asd', 600.00, NULL),
(14, NULL, 1001, '2024-09-24 16:17:26', 'abc', 120.00, NULL),
(15, NULL, 1001, '2024-09-24 16:19:21', 'abc', 120.00, NULL),
(16, NULL, 1001, '2024-09-24 17:22:43', 'abc', 90.00, NULL),
(17, NULL, 1001, '2024-09-24 17:22:44', 'abc', 90.00, NULL),
(18, NULL, 1001, '2024-09-25 06:09:06', 'abcde', 45.00, NULL),
(19, NULL, 1001, '2024-09-25 06:09:06', 'abcde', 45.00, NULL),
(20, NULL, 1001, '2024-09-25 16:05:18', 'exp', 80.00, NULL),
(21, NULL, 1001, '2024-09-25 16:05:18', 'exp', 80.00, NULL),
(22, NULL, 1001, '2024-09-25 16:06:14', 'eads', 180.00, NULL),
(23, NULL, 1001, '2024-09-25 16:06:15', 'eads', 180.00, NULL),
(24, NULL, 1001, '2024-09-26 12:43:38', 'aaa', 5.00, NULL),
(25, NULL, 1001, '2024-09-26 12:43:38', 'aaa', 5.00, NULL),
(26, NULL, 1001, '2024-09-26 12:44:15', 'aeae', 5.00, NULL),
(27, NULL, 1001, '2024-09-26 12:44:15', 'aeae', 5.00, NULL),
(28, NULL, 1001, '2024-09-26 14:00:32', 'rohan', 40.00, NULL),
(29, NULL, 1001, '2024-09-26 14:00:33', 'rohan', 40.00, NULL),
(30, NULL, 1001, '2024-09-26 14:03:01', 'kapil', 3000.00, NULL),
(31, NULL, 1001, '2024-09-26 14:03:02', 'kapil', 3000.00, NULL),
(32, NULL, 1001, '2024-09-26 14:06:47', 'kapil', 3000.00, NULL),
(33, NULL, 1001, '2024-09-26 14:06:49', 'kapil', 3000.00, NULL),
(34, NULL, 1001, '2024-09-26 14:19:48', 'soham', 2999.70, NULL),
(35, NULL, 1001, '2024-09-26 14:19:50', 'soham', 2999.70, NULL),
(36, NULL, 1001, '2022-01-15 10:35:00', 'john', 500.00, NULL),
(37, NULL, 1001, '2022-05-20 12:45:00', 'alex', 1500.50, NULL),
(38, NULL, 1001, '2022-09-10 15:30:00', 'mike', 2300.75, NULL),
(39, NULL, 1001, '2023-02-25 09:25:00', 'jane', 1100.20, NULL),
(40, NULL, 1001, '2023-06-18 14:15:00', 'emily', 2750.00, NULL),
(41, NULL, 1001, '2023-11-22 16:05:00', 'chris', 3200.99, NULL),
(42, NULL, 1001, '2024-02-05 11:40:00', 'david', 4500.80, NULL),
(43, NULL, 1001, '2024-08-19 13:55:00', 'lisa', 3650.10, NULL),
(44, NULL, 1012, '2024-09-26 15:47:14', 'fsdsfd', 1.00, NULL),
(45, NULL, 1012, '2024-09-26 15:47:14', 'fsdsfd', 1.00, NULL),
(46, NULL, 1001, '2024-09-26 17:19:12', 'Ravindra', 989.99, NULL),
(47, NULL, 1001, '2024-09-26 17:19:14', 'Ravindra', 989.99, NULL),
(48, 1001005, 1002, '2024-09-26 17:23:05', NULL, 50.00, NULL),
(49, 1001005, 1002, '2024-09-26 17:23:06', NULL, 50.00, NULL),
(50, 1001005, 1002, '2024-09-26 17:25:57', 'Ravindra', 40.00, NULL),
(51, 1001005, 1002, '2024-09-26 17:25:58', 'Ravindra', 40.00, NULL),
(52, NULL, 1001, '2024-09-27 07:04:03', 'Ash', 70.00, NULL),
(53, NULL, 1001, '2024-09-27 07:04:05', 'Ash', 70.00, NULL),
(54, NULL, 1001, '2024-09-27 07:05:44', 'Ash', 36.00, NULL),
(55, NULL, 1001, '2024-09-27 07:05:45', 'Ash', 36.00, NULL),
(56, NULL, 1001, '2024-09-27 07:16:15', 'Rahul', 10.00, NULL),
(57, NULL, 1001, '2024-09-27 07:16:16', 'Rahul', 10.00, NULL),
(58, NULL, 1001, '2024-09-27 07:16:52', 'Harsal', 0.00, NULL),
(59, NULL, 1001, '2024-09-27 07:16:52', 'Harsal', 0.00, NULL),
(60, NULL, 1001, '2024-09-27 07:19:54', 'Gaurav', 80.00, NULL),
(61, NULL, 1001, '2024-09-27 07:19:54', 'Gaurav', 80.00, NULL),
(62, NULL, 1001, '2024-09-27 07:37:41', NULL, 85.00, NULL),
(63, NULL, 1001, '2024-09-27 07:37:42', NULL, 85.00, NULL),
(64, NULL, 1001, '2024-09-27 08:45:58', 'Sahil', 180.00, NULL),
(65, NULL, 1001, '2024-09-27 08:45:59', 'Sahil', 180.00, NULL),
(66, NULL, 1001, '2024-09-27 08:51:34', 'Sahil', 150.00, NULL),
(67, NULL, 1001, '2024-09-27 08:51:35', 'Sahil', 150.00, NULL),
(68, NULL, 1001, '2024-09-27 09:01:32', 'Sahil', 160.00, NULL),
(69, NULL, 1001, '2024-09-27 09:01:33', 'Sahil', 160.00, NULL),
(70, NULL, 1001, '2024-09-27 09:26:17', 'Sahil', 500.00, NULL),
(71, NULL, 1001, '2024-09-27 09:26:18', 'Sahil', 500.00, NULL),
(72, NULL, 1001, '2024-09-27 09:31:59', 'Sahil', 500.00, NULL),
(73, NULL, 1001, '2024-09-27 09:32:00', 'Sahil', 500.00, NULL),
(74, NULL, 1001, '2024-09-27 10:40:22', 'Sahil', 600.00, NULL),
(75, NULL, 1001, '2024-09-27 10:40:23', 'Sahil', 600.00, NULL),
(76, NULL, 1001, '2024-09-27 10:49:29', 'Sahil', 800.00, NULL),
(77, NULL, 1001, '2024-09-27 10:49:30', 'Sahil', 800.00, NULL);

CREATE TABLE Employee (
    Username VARCHAR(50),
    PhoneNo VARCHAR(10),
    Password VARCHAR(50),
    OwnerID INT,
    Name VARCHAR(50),
    EmpID INT,
    EmailID VARCHAR(50)
);
INSERT INTO Employee (Username, PhoneNo, Password, OwnerID, Name, EmpID, EmailID) VALUES
('1000', '9874561230', '1234', 1001, 'Glenn Maxwell', 1000, 'glenn@gmail.com'),
('1001001', '7896541597', 'VKfpPcbw', 1001, 'Ravi Ashwin', 1001001, 'chetankc2005@gmail.com'),
('1001005', '9457864231', 'ishan@123', 1002, 'Ishan Kishan', 1001005, 'ishan@gmail.com'),
('1001010', 'a', 'a', NULL, 'aaa', 1001010, 'a'),
('1001011', '8796523140', 'faf', 1001, 'Faf du Plessis', 1001011, 'faf@gmail.com'),
('1001012', 'kl', 'kl', NULL, 'kl rahul', 1001012, 'kl'),
('1001014', 'a', 'a', 1001, 'o4gn', 1001014, 'a');

INSERT INTO Orders (OrderID, BillID, SrNo, ProductName, Quantity, TotalPrice, OwnerID) VALUES
(1, 1, 4, 'Eraser', 1, 5.00, NULL),
(2, 2, 2, 'Pen', 1, 15.00, NULL),
(3, 2, 1, 'Notebook', 1, 45.00, NULL),
(4, 12, 13, 'Sticky Notes', 10, 600.00, NULL),
(5, 13, 13, 'Sticky Notes', 10, 600.00, NULL),
(6, 14, 13, 'Sticky Notes', 2, 120.00, NULL),
(7, 15, 13, 'Sticky Notes', 2, 120.00, NULL),
(8, 16, 18, 'Folders', 2, 90.00, NULL),
(9, 18, 11, 'Highlighter', 1, 45.00, NULL),
(10, 20, 14, 'Whiteboard Marker', 2, 80.00, NULL),
(11, 22, 13, 'Sticky Notes', 3, 180.00, NULL),
(12, 24, 4, 'Eraser', 1, 5.00, NULL),
(13, 26, 4, 'Eraser', 1, 5.00, NULL),
(14, 28, 6, 'Ruler', 2, 40.00, NULL),
(15, 30, 12, 'Calculator', 4, 3000.00, NULL),
(16, 32, 12, 'Calculator', 4, 3000.00, NULL),
(17, 34, 17, 'Paper Clips', 30, 2999.70, NULL),
(18, 44, 32, 'a', 1, 1.00, NULL),
(19, 46, 29, 'Poster colours', 1, 140.00, 1001),
(20, 46, 17, 'Paper Clips', 1, 99.99, 1001),
(21, 46, 12, 'Calculator', 1, 750.00, 1001),
(22, 48, 26, 'Good Day', 2, 20.00, 1002),
(23, 48, 31, 'Marie Gold', 3, 30.00, 1002),
(24, 50, 26, 'Good Day', 2, 20.00, 1002),
(25, 50, 31, 'Marie Gold', 2, 20.00, 1002),
(26, 52, 14, 'Whiteboard Marker', 1, 40.00, 1001),
(27, 52, 2, 'Pen', 2, 30.00, 1001),
(28, 54, 5, 'Sharpener', 2, 16.00, 1001),
(29, 54, 3, 'Pencil', 2, 20.00, 1001),
(30, 56, 5, 'Sharpener', 1, 10.00, 1001),
(31, 60, 14, 'Whiteboard Marker', 2, 80.00, 1001),
(32, 62, 4, 'Eraser', 2, 10.00, 1001),
(33, 62, 2, 'Pen', 5, 75.00, 1001),
(34, 64, 1, 'Notebook', 4, 180.00, 1001),
(35, 66, 8, 'Scissors', 4, 300.00, 1001),
(36, 68, 2, 'Pen', 4, 60.00, 1001),
(37, 70, 4, 'Eraser', 23, 115.00, 1001),
(38, 72, 4, 'Eraser', 2, 10.00, 1001),
(39, 74, 5, 'Sharpener', 2, 16.00, 1001),
(40, 76, 5, 'Sharpener', 2, 16.00, 1001);


INSERT INTO Owners (OwnerID, Username, Password, Name, EmailID, PhoneNo, ShopName, ShopAddress) VALUES
(1001, 'Owner', '1234', 'Glenn Maxwell', 'chetankc2005@gmail.com', '9874561231', 'Maxwell\'s Shop', '14B, Street 2, Melbourne - 400078'),
(1002, 'a', 'xXzWcSrM', 'a', 'a', 'a', 'a', 'a'),
(1003, 'w', 'w', 'w', 'w', 'w', 'w', 'w'),
(1004, 'Alice', 'Alice', 'Alice Thompson', 'chetankc2005@gmail.com', '9998453218', 'The Paper Trail', '123 Stationery Lane, Suite 4B, Kurla - 400079'),
(1005, 'a', 'xXzWcSrM', 'a', 'a', 'a', 'a', 'a a a'),
(1006, 'd', 'd', 'd', 'd', 'd', 'd', 'd'),
(1007, 'e', 'e', 'e', 'e', 'e', 'e', 'e'),
(1008, 'NewOwner', '123', 'newName', 'emailID', 'mobilNum', 'shopName', 'shopAddress'),
(1009, 'we', 'we', 'we', 'we', 'we', 'we', 'we'),
(1010, 's', 's', 's', 's', 's', 's', 's'),
(1011, 'asdf', 'jkl;', 'yash', 'yash@gmail.com', '9231456780', 'my shop', 'pune'),
(1012, 'cc', 'cc', 'cc', 'c', 'c', 'c', 'c'),
(1013, 'Vinay', 'Vinay@1', 'Vinay Sanjeev Gone', 'vinaygone28@gmail.com', '8657466934', 'A1 General Store', 'Shop No. 2, Devi Chaya Building, Prabhadevi Road, New Prabhadevi, Mumbai - 400025'),
(1014, 'a', 'Vinay@1', 'Yashraj Patil', 'aa', 'aaa', 'a', 'aa'),
(1015, 'a', 'Vinay@1', 'aa', 'a', 'a', 'a', 'a');




CREATE TABLE Products (
    SrNo INT NOT NULL AUTO_INCREMENT PRIMARY KEY,
    ProductName VARCHAR(100) NOT NULL,
    Category VARCHAR(50) NOT NULL,
    Quantity INT NOT NULL DEFAULT 0,
    Price DECIMAL(10, 2) NOT NULL,
    MfgDate DATE,
    ExpDate DATE,
    LowQuantityAlert INT DEFAULT 1,
    OwnerID INT
);
INSERT INTO Products (SrNo, ProductName, Category, Quantity, Price, MfgDate, ExpDate, LowQuantityAlert, OwnerID) VALUES
(1, 'Notebook', 'Paper Products', 50, 45.00, '2024-07-01', '2025-07-01', 10, 1001),
(2, 'Pen', 'Writing Instruments', 190, 15.00, '2023-07-15', '2024-09-30', 25, 1001),
(3, 'Pencil', 'Writing Instruments', 146, 10.00, '2023-07-10', '2025-07-10', 25, 1001),
(4, 'Eraser', 'Accessories', 34, 5.00, '2023-07-05', '2025-07-05', 10, 1001),
(5, 'Sharpener', 'Accessories', 95, 8.00, '2023-07-05', '2025-07-05', 10, 1001),
(6, 'Ruler', 'Measuring Tools', 60, 20.00, '2023-07-01', '2025-07-01', 5, 1001),
(8, 'Scissors', 'Cutting Tools', 13, 75.00, '2023-07-01', '2025-07-01', 15, 1001),
(11, 'Highlighter', 'Writing Instruments', 21, 45.00, '2023-07-01', '2025-07-01', 10, 1001),
(12, 'Calculator', 'Electronics', 6, 750.00, '2023-06-15', '2025-06-15', 5, 1001),
(13, 'Sticky Notes', 'Paper Products', 75, 60.00, '2023-06-30', '2025-09-30', 10, 1001),
(14, 'Whiteboard Marker', 'Writing Instruments', 37, 40.00, '2023-07-01', '2025-07-01', 10, 1001),
(17, 'Paper Clips', 'Office Supplies', 69, 99.99, '2023-07-01', '2025-07-01', 10, 1001),
(18, 'Folder', 'Paper Products', 50, 45.00, '2023-07-01', '2025-07-01', 20, 1001),
(26, 'Good Day', 'Biscuit', 20, 10.00, '2024-07-30', '2025-06-19', 10, NULL),
(29, 'Poster colours', 'Colours', 10, 140.00, '2024-11-02', '2025-09-26', 3, 1001),
(30, 'Good Day', 'Biscuit', 48, 10.00, '2024-07-08', '2025-02-12', 10, 1002),
(31, 'Marie Gold', 'Biscuit', 58, 10.00, '2024-04-29', '2025-07-17', 10, 1002),
(32, 'a', 'a', 11, 1.00, '2024-09-03', '2024-10-09', 1, NULL),
(33, 'Pen', 'Accessories', 8, 10.00, '2024-09-01', '2024-09-30', 1, 1001);



CREATE TABLE logs (
    id INT NOT NULL AUTO_INCREMENT PRIMARY KEY,
    date DATE NOT NULL,
    time TIME NOT NULL,
    User VARCHAR(25),
    activity TEXT NOT NULL,
    OwnerID INT
);
INSERT INTO logs (id, date, time, User, activity, OwnerID) VALUES
(1, '2024-09-23', '17:05:03', 'd', 'Owner registered: d', 1006),
(2, '2024-09-23', '17:10:06', 'd', 'Owner with ID d updated', 1006),
(3, '2024-09-23', '17:15:33', 'e', 'Owner registered: e', 1007),
(4, '2024-09-24', '14:46:58', 'NewOwner', 'Owner registered: NewOwner', 1008),
(5, '2024-09-24', '14:56:47', 'we', 'Owner registered: we', 1009),
(6, '2024-09-24', '15:01:29', 's', 'Owner registered: s', 1010),
(7, '2024-09-24', '15:37:56', 'asdf', 'Owner registered: asdf', 1011),
(8, '2024-09-24', '15:40:52', 'asdf', 'Owner with ID asdf updated', 1011),
(9, '2024-09-24', '15:47:56', 'a', 'Employee with Username a deleted', NULL),
(10, '2024-09-24', '15:50:01', 'a', 'Employee with Username a deleted', NULL),
(11, '2024-09-24', '15:54:17', 'ishan123', 'Employee created: ishan123', NULL),
(12, '2024-09-24', '16:07:46', 'a', 'Employee created: a', NULL),
(13, '2024-09-24', '16:07:59', 'aa', 'Employee created: aa', NULL),
(14, '2024-09-24', '16:15:38', 'Owner', 'Owner with ID Owner updated', 1001),
(15, '2024-09-24', '16:16:56', 'Owner', 'Owner with ID Owner updated', 1001),
(16, '2024-09-24', '16:19:01', 'Owner', 'Owner with ID Owner updated', 1001),
(17, '2024-09-24', '17:02:04', 'Owner', 'Owner with ID Owner updated', 1001),
(18, '2024-09-24', '17:22:44', 'Owner', 'Bill created of Amount 90.0', 0),
(19, '2024-09-24', '17:25:19', 'Owner', 'Owner with ID Owner updated', 1001),
(20, '2024-09-24', '17:25:40', 'Owner', 'Owner with ID Owner updated', 1001),
(21, '2024-09-25', '06:05:08', 'Owner', 'Owner with ID Owner updated', 1001),
(22, '2024-09-25', '06:09:06', 'Owner', 'Bill created of Amount 45.0', 0),
(23, '2024-09-25', '06:20:09', 'Owner', 'Owner with ID Owner updated', 1001),
(24, '2024-09-25', '06:25:39', 'Owner', "Edited LowQuantityAlert from '10' to '20' for Product SrNo: 18", NULL),
(25, '2024-09-25', '06:26:07', 'Owner', "Edited MfgDate from '2023-07-01' to '2024-07-01' for Product SrNo: 1", NULL),
(26, '2024-09-25', '06:26:20', 'Owner', 'Owner with ID Owner updated', 1001),
(27, '2024-09-25', '06:31:44', 'Owner', 'Owner with ID Owner updated', 1001),
(28, '2024-09-25', '06:34:27', 'Owner', 'Owner with ID Owner updated', 1001),
(29, '2024-09-25', '06:34:52', 'Owner', 'Owner with ID Owner updated', 1001),
(30, '2024-09-25', '06:34:52', 'Owner', "Edited Quantity from '44' to '50' for Product SrNo: 18", NULL),
(31, '2024-09-25', '06:45:45', 'Owner', "Edited LowQuantityAlert from '5' to '10' for Product: Highlighter", NULL),
(32, '2024-09-25', '06:59:44', 'Owner', "Edited ExpDate from '2024-09-25' to '2024-09-30' for Product: Sticky Notes", 0),
(33, '2024-09-25', '12:54:05', 'Owner', 'Owner logged in', 0),
(34, '2024-09-25', '12:55:34', 'Employee1', 'Employee logged in', 0),
(35, '2024-09-25', '13:14:51', 'Employee1', 'Employee logged in', 0),
(36, '2024-09-25', '13:14:56', 'Employee1', 'Logged out', 0),
(37, '2024-09-25', '09:01:57', 'Owner', 'Owner with ID Owner updated', 1001),
(38, '2024-09-25', '09:02:01', 'Owner', 'Owner with ID Owner updated', 1001),
(39, '2024-09-25', '09:02:56', 'Owner', 'Owner with ID Owner updated', 1001),
(40, '2024-09-25', '14:41:20', 'Owner', 'Owner logged in', 0),
(41, '2024-09-25', '14:47:13', 'Owner', 'Owner logged in', 0),
(42, '2024-09-25', '14:56:13', 'Owner', 'Owner logged in', 0),
(43, '2024-09-25', '14:59:55', 'Owner', 'Owner logged in', 0),
(44, '2024-09-25', '15:01:33', 'Owner', 'Owner logged in', 0),
(45, '2024-09-25', '09:37:05', 'Owner', 'Owner with ID Owner updated', 1001),
(46, '2024-09-25', '15:07:51', 'Owner', 'Owner logged in', 0),
(47, '2024-09-25', '09:38:24', 'Owner', 'Owner with ID Owner updated', 1001),
(48, '2024-09-25', '15:08:31', 'Owner', 'Logged out', 0),
(49, '2024-09-25', '09:38:53', 'Owner', 'Owner with ID Owner updated', 1001),
(50, '2024-09-25', '19:32:38', 'Employee', 'Employee logged in', 0),
(51, '2024-09-25', '19:32:51', 'Employee', 'Logged out', 0),
(52, '2024-09-25', '19:33:02', 'Employee', 'Logged out', 0),
(53, '2024-09-25', '14:04:38', 'Owner', 'Owner with ID Owner updated', 1001),
(54, '2024-09-25', '19:35:05', 'Owner', 'Owner logged in', 0),
(55, '2024-09-25', '19:40:42', 'Owner', 'Logged out', 0),
(56, '2024-09-25', '19:42:05', 'Owner', 'Owner logged in', 0),
(57, '2024-09-25', '20:11:18', 'Owner', 'Owner logged in', 0),
(58, '2024-09-25', '14:45:43', 'aa', 'Employee with Username aa deleted', NULL),
(59, '2024-09-25', '14:45:46', 'a', 'Employee with Username a deleted', NULL),
(60, '2024-09-25', '20:18:05', 'Alice', 'Owner logged in', 0),
(61, '2024-09-25', '14:48:27', 'Alice', "Edited ExpDate from '2024-09-30' to '2025-09-30' for Product: Sticky Notes", 0),
(62, '2024-09-25', '14:48:42', 'a', 'Employee created: a', NULL),
(63, '2024-09-25', '14:49:33', 'a', 'Employee with Username a deleted', NULL),
(64, '2024-09-25', '20:24:33', 'Owner', 'Owner logged in', 0),
(65, '2024-09-25', '20:27:17', 'Owner', 'Owner logged in', 0),
(66, '2024-09-25', '21:27:17', 'Owner', 'Owner logged in', 0),
(67, '2024-09-25', '21:29:07', 'Owner', 'Owner logged in', 0),
(68, '2024-09-25', '21:31:21', 'Owner', 'Owner logged in', 0),
(69, '2024-09-25', '16:02:47', 'Owner', 'Owner with ID Owner updated', 1001),
(70, '2024-09-25', '16:03:35', 'Owner', "Edited Quantity from '15' to '55' for Product: Notebook", 0),
(71, '2024-09-25', '16:05:18', 'Owner', 'Bill created of Amount 80.0', 0),
(72, '2024-09-25', '16:06:01', 'Owner', 'Owner with ID Owner updated', 1001),
(73, '2024-09-25', '16:06:15', 'Owner', 'Bill created of Amount 180.0', 0),
(74, '2024-09-25', '21:42:54', 'Owner', 'Owner logged in', 0),
(75, '2024-09-25', '16:13:15', 'Owner', "Edited LowQuantityAlert from '1' to '5' for Product: a", 0),
(76, '2024-09-25', '21:44:00', 'Owner', 'Logged out', 0),
(77, '2024-09-25', '21:44:09', 'a', 'Owner logged in', 0),
(78, '2024-09-25', '16:14:30', 'Owner', "Edited Quantity from '55' to '60' for Product: Notebook", 0),
(79, '2024-09-25', '21:49:40', 'Owner', 'Logged out', 0),
(80, '2024-09-25', '21:49:44', 'a', 'Owner logged in', 0),
(81, '2024-09-25', '22:01:15', 'a', 'Owner logged in', 0),
(82, '2024-09-25', '22:01:24', 'a', 'Logged out', 0),
(83, '2024-09-25', '22:01:41', 'w', 'Owner logged in', 0),
(84, '2024-09-25', '16:48:18', 'ishan123', 'Employee with Username ishan123 updated', 1002),
(85, '2024-09-25', '22:18:42', 'Employee', 'Employee logged in', 0),
(86, '2024-09-25', '22:19:03', 'Employee', 'Logged out', 0),
(87, '2024-09-25', '22:19:35', 'Owner', 'Owner logged in', 0),
(88, '2024-09-26', '16:34:45', 'Owner', 'Owner logged in', 1001),
(89, '2024-09-26', '16:42:34', 'Owner', 'Owner logged in', 1001),
(90, '2024-09-26', '16:52:17', 'Owner', 'Owner logged in', 1001),
(91, '2024-09-26', '17:30:01', 'Owner', 'Owner logged in', 1001),
(92, '2024-09-26', '17:30:38', 'Owner', 'Logged out', 1001),
(93, '2024-09-26', '17:32:01', 'Owner', 'Owner logged in', 1001),
(94, '2024-09-26', '17:35:43', 'Owner', 'Logged out', 1001),
(95, '2024-09-26', '17:51:33', 'Owner', 'Owner logged in', 1001),
(96, '2024-09-26', '17:51:51', 'Owner', 'Logged out', 1001),
(97, '2024-09-26', '17:52:02', 'a', 'Owner logged in', 1002),
(98, '2024-09-26', '18:10:30', 'Owner', 'Owner logged in', 0),
(99, '2024-09-26', '12:40:57', 'Owner', "Edited ProductName from 'a' to 'aea' for Product: a", 0),
(100, '2024-09-26', '12:41:06', 'Owner', "Edited ProductName from 'aea' to 'aea' for Product: aea", 0),
(101, '2024-09-26', '18:11:22', 'Employee1', 'Employee logged in', 0),
(102, '2024-09-26', '12:41:23', 'Owner', "Edited ProductName from 'Good Day' to 'Good gfdf' for Product: Good Day", 0),
(103, '2024-09-26', '18:13:06', 'Employee1', 'Logged out', 0),
(104, '2024-09-26', '12:43:38', 'Owner', 'Bill created of Amount 5.0', 0),
(105, '2024-09-26', '18:13:43', 'Owner', 'Owner logged in', 0),
(106, '2024-09-26', '12:44:05', 'Owner', 'Owner with ID Owner updated', 1001),
(107, '2024-09-26', '12:44:15', 'Owner', 'Bill created of Amount 5.0', 0),
(108, '2024-09-26', '12:45:05', 'a', 'Employee created: a', NULL),
(109, '2024-09-26', '12:45:13', 'Employee', 'Employee with Username Employee updated', 1001),
(110, '2024-09-26', '12:45:13', 'Employee1', 'Employee with Username Employee1 updated', 1001),
(111, '2024-09-26', '12:45:13', 'ishan123', 'Employee with Username ishan123 updated', 1002),
(112, '2024-09-26', '12:45:13', 'a', 'Employee with Username a updated', NULL),
(113, '2024-09-26', '12:45:20', 'a', 'Employee with Username a deleted', NULL),
(114, '2024-09-26', '18:27:27', 'Owner', 'Logged out', 0),
(115, '2024-09-26', '18:27:37', 'Alice', 'Owner logged in', 0),
(116, '2024-09-26', '12:58:33', 'Alice', 'Owner with ID Alice updated', 1004),
(117, '2024-09-26', '19:00:09', 'a', 'Owner logged in', 0),
(118, '2024-09-26', '19:00:23', 'a', 'Logged out', 0),
(119, '2024-09-26', '19:00:32', 'Alice', 'Owner logged in', 0),
(120, '2024-09-26', '13:30:44', 'Alice', 'Owner with ID Alice updated', 1004),
(121, '2024-09-26', '13:31:28', 'Alice', "Edited Quantity from '60' to '79' for Product: Notebook", 0),
(122, '2024-09-26', '19:04:56', 'Owner', 'Owner logged in', 0),
(123, '2024-09-26', '19:11:40', 'Owner', 'Owner logged in', 0),
(124, '2024-09-26', '19:21:10', 'a', 'Owner logged in', 0),
(125, '2024-09-26', '19:22:07', 'Owner', 'Owner logged in', 0);


desc logs;

ALTER TABLE Bill
MODIFY COLUMN BillID INT NOT NULL AUTO_INCREMENT PRIMARY KEY;

ALTER TABLE Employee
MODIFY COLUMN EmpID INT NOT NULL AUTO_INCREMENT PRIMARY KEY;

ALTER TABLE Orders
MODIFY COLUMN OrderID INT NOT NULL AUTO_INCREMENT PRIMARY KEY;
